,TeamName,Link,Country,ID,Name,City,iso,lat,lon
0,KF Tirana,/wiki/KF_Tirana,Albania,1328,KF Tirana,Tirana,AL,41.3305141,19.825562857582966
1,KF Laçi,/wiki/KF_La%C3%A7i,Albania,1579,KF Laçi,Laç,AL,41.635741,19.7123916
3,FK Kukësi,/wiki/FK_Kuk%C3%ABsi,Albania,2263,FK Kukësi,Kukës,AL,42.07271955,20.42116318132266
4,KF Vllaznia Shkodër,/wiki/KF_Vllaznia_Shkod%C3%ABr,Albania,1372,KF Vllaznia,Shkodër,AL,42.0681371,19.5121437
5,KF Teuta Durrës,/wiki/KF_Teuta_Durr%C3%ABs,Albania,1328,KF Tirana,Tirana,AL,41.3305141,19.825562857582966
6,KS Kastrioti,/wiki/KS_Kastrioti,Albania,1580,KS Kastrioti,Krujë,AL,41.508936750000004,19.781380171668477
7,KF Egnatia,/wiki/KF_Egnatia,Albania,5745,KF Egnatia,Rrogozhinë,AL,41.0758988,19.6649775
8,FK Dinamo Tirana,/wiki/FK_Dinamo_Tirana,Albania,1345,Dinamo Tirana,Tirana,AL,41.3305141,19.825562857582966
9,KF Skënderbeu Korçë,/wiki/KF_Sk%C3%ABnderbeu_Kor%C3%A7%C3%AB,Albania,1328,KF Tirana,Tirana,AL,41.3305141,19.825562857582966
10,Inter Club d'Escaldes,/wiki/Inter_Club_d%27Escaldes,Andorra,5071,Inter Club d'Escaldes,Escaldes-Engordany,AD,42.48691275,1.6070001140292214
12,UE Sant Julià,/wiki/UE_Sant_Juli%C3%A0,Andorra,3961,UE Sant Julià,Sant Julia de Loria,AD,42.46671695,1.4963449774456519
14,FC Santa Coloma,/wiki/FC_Santa_Coloma,Andorra,3196,FC Santa Coloma,Santa Coloma,AD,42.4949956,1.4997052
15,FC Ordino,/wiki/FC_Ordino,Andorra,4014,FC Ordino,Ordino,AD,42.55615,1.5334945
16,UE Engordany,/wiki/UE_Engordany,Andorra,5788,UE Engordany,Escaldes-Engordany,AD,42.48691275,1.6070001140292214
18,FC Pyunik,/wiki/FC_Pyunik,Armenia,1491,FC Pyunik,Yerevan,AM,40.1776245,44.5126174
19,FC Ararat-Armenia,/wiki/FC_Ararat-Armenia,Armenia,5276,FC Ararat-Armenia,Yerevan,AM,40.1776245,44.5126174
20,FC Alashkert,/wiki/FC_Alashkert,Armenia,2570,FC Alashkert,Martuni,AM,40.1390478,45.3054735
21,FC Ararat Yerevan,/wiki/FC_Ararat_Yerevan,Armenia,1885,FC Ararat,Yerevan,AM,40.1776245,44.5126174
22,FC Urartu,/wiki/FC_Urartu,Armenia,1439,FC Urartu,Yerevan,AM,40.1776245,44.5126174
23,FC Noah,/wiki/FC_Noah,Armenia,5277,FC Noah,Yerevan,AM,40.1776245,44.5126174
24,Noravank SC,/wiki/Noravank_SC,Armenia,5727,Noravank SC,Vayk,AM,39.6939049,45.4565871
25,FC Van,/wiki/FC_Van,Armenia,5726,FC Van,Charentsavan,AM,40.4029877,44.6469349
26,BKMA Yerevan,/wiki/BKMA_Yerevan,Armenia,5725,BKMA Yerevan,Yerevan,AM,40.1776245,44.5126174
27,Sevan FC,/wiki/Sevan_FC,Armenia,5334,Sevan FC,Yerevan,AM,40.1776245,44.5126174
29,SK Sturm Graz,/wiki/SK_Sturm_Graz,Austria,358,SK Sturm Graz,Graz,AT,47.0708678,15.4382786
30,Wolfsberger AC,/wiki/Wolfsberger_AC,Austria,1835,Wolfsberger AC,Wolfsberg,AT,46.8390583,14.8452061
31,FK Austria Wien,/wiki/FK_Austria_Wien,Austria,539,FK Austria Wien,Vienna,AT,48.2083537,16.3725042
32,SK Rapid Wien,/wiki/SK_Rapid_Wien,Austria,357,SK Rapid Wien,Vienna,AT,48.2083537,16.3725042
33,SV Ried,/wiki/SV_Ried,Austria,541,SV Ried,Ried im Innkreis,AT,48.2085868,13.48839
35,WSG Tirol,/wiki/WSG_Tirol,Austria,3161,WSG Tirol,Wattens,AT,47.2935786,11.5907326
36,TSV Hartberg,/wiki/TSV_Hartberg,Austria,2094,TSV Hartberg,Hartberg,AT,47.2809371,15.9691769
37,FC Admira Wacker Mödling,/wiki/FC_Admira_Wacker_M%C3%B6dling,Austria,636,FC Admira,Mödling,AT,48.0855922,16.2833526
39,Qarabağ FK,/wiki/Qaraba%C4%9F_FK,Azerbaijan,2603,Qaradağ FK,Lökbatan,AZ,40.3252712,49.7308819
40,Neftçi PFK,/wiki/Neft%C3%A7i_PFK,Azerbaijan,1342,Neftçi,Baku,AZ,40.3755885,49.8328009
41,Zira FK,/wiki/Zira_FK,Azerbaijan,3898,Zira FK,Baku,AZ,40.3755885,49.8328009
44,Sumgayit FK,/wiki/Sumgayit_FK,Azerbaijan,2258,Sumqayit FK,Sumqayit,AZ,40.5961666,49.6695971
46,Sabail FK,/wiki/Sabail_FK,Azerbaijan,4850,Sebail FK,Baku,AZ,40.3755885,49.8328009
47,FC Shakhtyor Soligorsk,/wiki/FC_Shakhtyor_Soligorsk,Belarus,1112,Shakhtyor Soligorsk,Soligorsk,BY,52.7893039,27.5318168
48,FC BATE Borisov,/wiki/FC_BATE_Borisov,Belarus,1105,BATE,Borisov,BY,54.2240665,28.5117849
49,FC Dinamo Minsk,/wiki/FC_Dinamo_Minsk,Belarus,1119,Dinamo Minsk,Minsk,BY,53.9024716,27.5618225
50,FC Gomel,/wiki/FC_Gomel,Belarus,1107,Gomel,Gomel,BY,52.4238936,31.0131698
51,FC Rukh Brest,/wiki/FC_Rukh_Brest,Belarus,5522,Rukh Brest,Brest,BY,52.093751,23.6851851
53,FC Vitebsk,/wiki/FC_Vitebsk,Belarus,1121,FC Vitebsk,Vitebsk,BY,55.1930197,30.2070437
55,FC Slutsk,/wiki/FC_Slutsk,Belarus,2708,FC Slutsk,Slutsk,BY,53.0277354,27.5519747
56,FC Isloch Minsk Raion,/wiki/FC_Isloch_Minsk_Raion,Belarus,4329,Isloch Minsk Raion,Minsk,BY,53.9024716,27.5618225
57,FC Neman Grodno,/wiki/FC_Neman_Grodno,Belarus,1106,Neman Grodno,Grodno,BY,53.6834599,23.8342648
58,FC Minsk,/wiki/FC_Minsk,Belarus,1114,FC Minsk,Minsk,BY,53.9024716,27.5618225
59,FC Energetik-BGU Minsk,/wiki/FC_Energetik-BGU_Minsk,Belarus,5305,Energetik-BGU Minsk,Minsk,BY,53.9024716,27.5618225
60,FC Slavia Mozyr,/wiki/FC_Slavia_Mozyr,Belarus,2237,Slavia Mozyr,Mozyr,BY,52.0475464,29.2667179
61,FC Smorgon,/wiki/FC_Smorgon,Belarus,1111,Smorgon,Smarhon,BY,54.4817816,26.4012822
63,Royale Union Saint-Gilloise,/wiki/Royale_Union_Saint-Gilloise,Belgium,2606,Union Saint-Gilloise,Saint-Gilles,BE,50.8249958,4.3454841
64,Club Brugge KV,/wiki/Club_Brugge_KV,Belgium,354,Club Brugge KV,Bruges,BE,51.2085526,3.226772
65,R.S.C. Anderlecht,/wiki/R.S.C._Anderlecht,Belgium,353,RSC Anderlecht,Brussels,BE,50.8465573,4.351697
66,Royal Antwerp F.C.,/wiki/Royal_Antwerp_F.C.,Belgium,1560,Royal Antwerp,Antwerp,BE,51.2211097,4.3997081
69,K.V. Mechelen,/wiki/K.V._Mechelen,Belgium,1188,KV Mechelen,Antwerp,BE,51.2211097,4.3997081
71,Sint-Truidense V.V.,/wiki/Sint-Truidense_V.V.,Belgium,594,Sint-Truidense VV,Sint-Truiden,BE,50.82694775,5.203424911603399
72,Cercle Brugge K.S.V.,/wiki/Cercle_Brugge_K.S.V.,Belgium,593,Cercle Brugge,Bruges,BE,51.2085526,3.226772
73,Oud-Heverlee Leuven,/wiki/Oud-Heverlee_Leuven,Belgium,1701,OH Leuven,Leuven,BE,50.879202,4.7011675
74,K.V. Oostende,/wiki/K.V._Oostende,Belgium,1737,KV Oostende,Ostend,BE,51.2258565,2.919496
75,K.V. Kortrijk,/wiki/K.V._Kortrijk,Belgium,1281,KV Kortrijk,Kortrijk,BE,50.8276429,3.2659884
76,Standard Liège,/wiki/Standard_Li%C3%A8ge,Belgium,356,Standard Liège,Liège,BE,50.6450944,5.5736112
78,S.V. Zulte Waregem,/wiki/S.V._Zulte_Waregem,Belgium,556,Zulte Waregem,Waregem,BE,50.8868222,3.4323622
79,K Beerschot VA,/wiki/K_Beerschot_VA,Belgium,3734,K Beerschot VA,Wilrijk,BE,51.1700864,4.3942577
80,HŠK Zrinjski Mostar,/wiki/H%C5%A0K_Zrinjski_Mostar,Bosnia and Herzegovina,722,HŠK Zrinjski,Mostar,BA,43.3435855,17.8076584
81,FK Tuzla City,/wiki/FK_Tuzla_City,Bosnia and Herzegovina,4962,Tuzla City,Tuzla,BA,44.5391105,18.675193
82,FK Borac Banja Luka,/wiki/FK_Borac_Banja_Luka,Bosnia and Herzegovina,1549,FK Borac Banja Luka,Banja Luka,BA,44.7720845,17.1917651
83,FK Sarajevo,/wiki/FK_Sarajevo,Bosnia and Herzegovina,1199,FK Sarajevo,Sarajevo,BA,43.8519774,18.3866868
84,FK Velež Mostar,/wiki/FK_Vele%C5%BE_Mostar,Bosnia and Herzegovina,1552,FK Velež Mostar,Mostar,BA,43.3435855,17.8076584
85,FK Željezničar Sarajevo,/wiki/FK_%C5%BDeljezni%C4%8Dar_Sarajevo,Bosnia and Herzegovina,1202,FK Željezničar,Sarajevo,BA,43.8519774,18.3866868
86,NK Široki Brijeg,/wiki/NK_%C5%A0iroki_Brijeg,Bosnia and Herzegovina,726,NK Široki Brijeg,Široki Brijeg,BA,43.3831944,17.5929153
87,HŠK Posušje,/wiki/H%C5%A0K_Posu%C5%A1je,Bosnia and Herzegovina,723,HSK Posušje,Posušje,BA,43.4712288,17.3271281
88,FK Leotar,/wiki/FK_Leotar,Bosnia and Herzegovina,1924,FK Leotar,Trebinje,BA,42.7098295,18.3457261
89,FK Sloboda Tuzla,/wiki/FK_Sloboda_Tuzla,Bosnia and Herzegovina,1291,FK Sloboda Tuzla,Tuzla,BA,44.5391105,18.675193
90,FK Radnik Bijeljina,/wiki/FK_Radnik_Bijeljina,Bosnia and Herzegovina,2070,Radnik Bijeljina,Bijeljina,BA,44.7568464,19.2156628
91,FK Rudar Prijedor,/wiki/FK_Rudar_Prijedor,Bosnia and Herzegovina,1968,Rudar Prijedor,Prijedor,BA,44.9805039,16.7131197
92,PFC Ludogorets Razgrad,/wiki/PFC_Ludogorets_Razgrad,Bulgaria,1763,Ludogorets Razgrad,Razgrad,BG,43.5258211,26.5230603
93,PFC CSKA Sofia,/wiki/PFC_CSKA_Sofia,Bulgaria,360,CSKA Sofia,Sofia,BG,42.6977028,23.3217359
94,Botev Plovdiv,/wiki/Botev_Plovdiv,Bulgaria,957,Botev Plovdiv,Plovdiv,BG,42.1418541,24.7499297
95,PFC Cherno More Varna,/wiki/PFC_Cherno_More_Varna,Bulgaria,955,Cherno More,Varna,BG,43.2073873,27.9166653
96,PFC Levski Sofia,/wiki/PFC_Levski_Sofia,Bulgaria,361,Levski Sofia,Sofia,BG,42.6977028,23.3217359
97,PFC Slavia Sofia,/wiki/PFC_Slavia_Sofia,Bulgaria,956,Slavia Sofia,Sofia,BG,42.6977028,23.3217359
98,PFC Lokomotiv Plovdiv,/wiki/PFC_Lokomotiv_Plovdiv,Bulgaria,961,Lokomotiv Plovdiv,Plovdiv,BG,42.1418541,24.7499297
99,PFC Beroe Stara Zagora,/wiki/PFC_Beroe_Stara_Zagora,Bulgaria,958,Beroe Stara Zagora,Stara Zagora,BG,42.4248111,25.6257479
100,FC Arda Kardzhali,/wiki/FC_Arda_Kardzhali,Bulgaria,5370,Arda Kardzhali,Kardzhali,BG,41.643746,25.3722156
101,OFC Pirin Blagoevgrad,/wiki/OFC_Pirin_Blagoevgrad,Bulgaria,1249,Pirin Blagoevgrad,Blagoevgrad,BG,42.02094955,23.103785098064854
102,POFC Botev Vratsa,/wiki/POFC_Botev_Vratsa,Bulgaria,1834,Botev Vratsa,Vratsa,BG,43.2028209,23.548027
103,FC Tsarsko Selo Sofia,/wiki/FC_Tsarsko_Selo_Sofia,Bulgaria,4689,Tsarsko Selo Sofia,Sofia,BG,42.6977028,23.3217359
104,GNK Dinamo Zagreb,/wiki/GNK_Dinamo_Zagreb,Croatia,365,Dinamo Zagreb,Zagreb,HR,45.84264135,15.962231476593626
105,HNK Hajduk Split,/wiki/HNK_Hajduk_Split,Croatia,366,Hajduk Split,Split,HR,43.5116383,16.4399659
106,NK Osijek,/wiki/NK_Osijek,Croatia,943,NK Osijek,Osijek,HR,45.5548793,18.6953685
107,HNK Rijeka,/wiki/HNK_Rijeka,Croatia,941,HNK Rijeka,Rijeka,HR,45.3271752,14.4412309
108,NK Lokomotiva Zagreb,/wiki/NK_Lokomotiva_Zagreb,Croatia,1548,NK Lokomotiva,Zagreb,HR,45.84264135,15.962231476593626
109,HNK Gorica,/wiki/HNK_Gorica,Croatia,2731,HNK Gorica,Velika Gorica,HR,45.7155672,16.0717164
110,NK Slaven Belupo,/wiki/NK_Slaven_Belupo,Croatia,942,NK Slaven Belupo,Koprivnica,HR,46.1623512,16.8307893
111,HNK Šibenik,/wiki/HNK_%C5%A0ibenik,Croatia,939,HNK Šibenik,Šibenik,HR,43.7338436,15.8961863
112,NK Hrvatski Dragovoljac,/wiki/NK_Hrvatski_Dragovoljac,Croatia,1700,Hrvatski Dragovoljac,Zagreb,HR,45.84264135,15.962231476593626
113,AC Omonia,/wiki/AC_Omonia,Cyprus,764,AC Omonoia Nicosia,Nicosia,CY,35.1748976,33.3638568
114,Anorthosis Famagusta FC,/wiki/Anorthosis_Famagusta_FC,Cyprus,757,Anorthosis Famagusta,Famagusta,CY,35.1245436,33.9325419
115,APOEL FC,/wiki/APOEL_FC,Cyprus,719,APOEL,Nicosia,CY,35.1748976,33.3638568
116,Apollon Limassol FC,/wiki/Apollon_Limassol_FC,Cyprus,928,Apollon Limassol,Limassol ,CY,34.6852901,33.0332657
117,AEK Larnaca FC,/wiki/AEK_Larnaca_FC,Cyprus,834,AEK Larnaca,Larnaca,CY,34.9236095,33.6236184
118,AEL Limassol,/wiki/AEL_Limassol,Cyprus,744,AEL Limassol,Limassol,CY,34.6852901,33.0332657
119,Pafos FC,/wiki/Pafos_FC,Cyprus,1157,Pafos FC,Paphos,CY,34.7743988,32.4231586
121,Olympiakos Nicosia,/wiki/Olympiakos_Nicosia,Cyprus,1160,Olympiakos Nicosia,Nicosia,CY,35.1748976,33.3638568
123,Ethnikos Achna FC,/wiki/Ethnikos_Achna_FC,Cyprus,1103,Ethnikos Achna,Achna,CY,35.0553123,33.7836324
124,Doxa Katokopias FC,/wiki/Doxa_Katokopias_FC,Cyprus,1330,Doxa Katokopias,Katokopia,CY,35.1747025,33.0517775
125,SK Slavia Prague,/wiki/SK_Slavia_Prague,Czech Republic,489,SK Brann,Bergen,CZ,48.8522201,16.6244227
126,FC Viktoria Plzeň,/wiki/FC_Viktoria_Plze%C5%88,Czech Republic,817,Viktoria Plzeň,Plzeň,CZ,49.7477415,13.3775249
128,FC Baník Ostrava,/wiki/FC_Ban%C3%ADk_Ostrava,Czech Republic,753,Baník Ostrava,Ostrava,CZ,49.8349139,18.2820084
129,FC Hradec Králové,/wiki/FC_Hradec_Kr%C3%A1lov%C3%A9,Czech Republic,1624,Hradec Králové,Hradec Králové,CZ,50.2092113,15.8327512
130,FK Mladá Boleslav,/wiki/FK_Mlad%C3%A1_Boleslav,Czech Republic,739,Mlada Boleslav,Mladá Boleslav,CZ,50.4116187,14.9031301
131,FC Slovan Liberec,/wiki/FC_Slovan_Liberec,Czech Republic,504,Slovan Liberec,Liberec,CZ,50.7702648,15.0583947
132,SK Sigma Olomouc,/wiki/SK_Sigma_Olomouc,Czech Republic,816,Sigma Olomouc,Olomouc,CZ,49.5940567,17.251143
135,FK Teplice,/wiki/FK_Teplice,Czech Republic,367,FK Teplice,Teplice,CZ,50.6406644,13.8244461
136,FK Jablonec,/wiki/FK_Jablonec,Czech Republic,812,FK Jablonec,Jablonec ,CZ,50.4531488,13.8069282
137,FK Pardubice,/wiki/FK_Pardubice,Czech Republic,2320,FK Pardubice,Pardubice,CZ,50.0385812,15.7791356
138,MFK Karviná,/wiki/MFK_Karvin%C3%A1,Czech Republic,1822,MFK Karviná,Karviná,CZ,49.8542719,18.5416556
140,FC Midtjylland,/wiki/FC_Midtjylland,Denmark,689,FC Midtjylland,Herning,DK,56.1379757,8.9746623
141,Brøndby IF,/wiki/Br%C3%B8ndby_IF,Denmark,370,Brondby IF,Brøndby,DK,55.644111,12.4217135
142,AaB Fodbold,/wiki/AaB_Fodbold,Denmark,3789,Middelfart Fodbold,Middelfart,DK,55.4470245,9.93698091984884
143,Randers FC,/wiki/Randers_FC,Denmark,732,Randers FC,Randers,DK,56.4355428,10.0425957
144,Silkeborg IF,/wiki/Silkeborg_IF,Denmark,533,Silkeborg IF,Silkeborg,DK,56.169453,9.5495141
145,Viborg FF,/wiki/Viborg_FF,Denmark,524,Viborg FF,Viborg,DK,56.4469128,9.4059354
146,Aarhus Gymnastikforening,/wiki/Aarhus_Gymnastikforening,Denmark,1184,Aarhus GF,Aarhus,DK,56.1496278,10.2134046
147,Odense Boldklub,/wiki/Odense_Boldklub,Denmark,508,Odense BK,Odense,DK,55.3997225,10.3852104
148,FC Nordsjælland,/wiki/FC_Nordsj%C3%A6lland,Denmark,525,FC Nordsjaelland,Farum,DK,55.8101232,12.3702505
149,Vejle Boldklub,/wiki/Vejle_Boldklub,Denmark,733,Vejle BK,Vejle,DK,55.7000057,9.5333238
150,SønderjyskE Fodbold,/wiki/S%C3%B8nderjyskE_Fodbold,Denmark,1315,SonderjyskE,Haderslev,DK,55.2500715,9.4997871
151,Manchester City F.C.,/wiki/Manchester_City_F.C.,Great Britain,47,Manchester City,Manchester,GB,53.4794892,-2.2451148
152,Manchester United F.C.,/wiki/Manchester_United_F.C.,Great Britain,49,Manchester United,Manchester,GB,53.4794892,-2.2451148
153,Liverpool F.C.,/wiki/Liverpool_F.C.,Great Britain,44,Liverpool,Liverpool,GB,53.4071991,-2.99168
154,Chelsea F.C.,/wiki/Chelsea_F.C.,Great Britain,21,Chelsea,London,GB,51.5073219,-0.1276474
155,Leicester City F.C.,/wiki/Leicester_City_F.C.,Great Britain,41,Leicester City,Leicester,GB,52.6362,-1.1331969
156,West Ham United F.C.,/wiki/West_Ham_United_F.C.,Great Britain,85,West Ham United,London,GB,51.5073219,-0.1276474
157,Tottenham Hotspur F.C.,/wiki/Tottenham_Hotspur_F.C.,Great Britain,80,Tottenham Hotspur,London,GB,51.5073219,-0.1276474
158,Arsenal F.C.,/wiki/Arsenal_F.C.,Great Britain,1,Arsenal,London,GB,51.5073219,-0.1276474
159,Leeds United F.C.,/wiki/Leeds_United_F.C.,Great Britain,40,Leeds United,Leeds,GB,53.7974185,-1.5437941
160,Everton F.C.,/wiki/Everton_F.C.,Great Britain,31,Everton,Liverpool,GB,53.4071991,-2.99168
161,Aston Villa F.C.,/wiki/Aston_Villa_F.C.,Great Britain,2,Aston Villa,Birmingham,GB,52.4796992,-1.9026911
162,Newcastle United F.C.,/wiki/Newcastle_United_F.C.,Great Britain,52,Newcastle United,Newcastle upon Tyne,GB,54.9738474,-1.6131572
163,Wolverhampton Wanderers F.C.,/wiki/Wolverhampton_Wanderers_F.C.,Great Britain,88,Wolverhampton Wanderers,Wolverhampton,GB,52.5847651,-2.127567
164,Crystal Palace F.C.,/wiki/Crystal_Palace_F.C.,Great Britain,27,Crystal Palace,London,GB,51.5073219,-0.1276474
165,Southampton F.C.,/wiki/Southampton_F.C.,Great Britain,72,Southampton,Southampton,GB,50.9025349,-1.404189
167,Burnley F.C.,/wiki/Burnley_F.C.,Great Britain,15,Burnley,Burnley,GB,53.7907262,-2.2439196
168,Fulham F.C.,/wiki/Fulham_F.C.,Great Britain,32,Fulham,London,GB,51.5073219,-0.1276474
169,West Bromwich Albion F.C.,/wiki/West_Bromwich_Albion_F.C.,Great Britain,84,West Bromwich Albion,West Bromwich,GB,52.5186579,-1.9923114
170,Sheffield United F.C.,/wiki/Sheffield_United_F.C.,Great Britain,70,Sheffield United,Sheffield,GB,53.3806626,-1.4702278
171,FCI Levadia Tallinn,/wiki/FCI_Levadia_Tallinn,Estonia,980,Levadia Tallinn,Tallinn,EE,59.4372155,24.7453688
172,FC Flora,/wiki/FC_Flora,Estonia,982,Flora,Tallinn,EE,59.4372155,24.7453688
174,Nõmme Kalju FC,/wiki/N%C3%B5mme_Kalju_FC,Estonia,1272,Nõmme Kalju,Tallinn,EE,59.4372155,24.7453688
176,JK Narva Trans,/wiki/JK_Narva_Trans,Estonia,981,Trans Narva,Narva,EE,59.3766729,28.1921457
177,FC Kuressaare,/wiki/FC_Kuressaare,Estonia,1176,Kuressaare,Kuressaare,EE,58.2527693,22.4849207
178,Viljandi JK Tulevik,/wiki/Viljandi_JK_Tulevik,Estonia,988,Viljandi Tulevik,Viljandi,EE,58.36454,25.5878074
179,Tartu JK Tammeka,/wiki/Tartu_JK_Tammeka,Estonia,985,Tartu Tammeka,Tartu,EE,58.3801207,26.72245
180,Pärnu JK Vaprus,/wiki/P%C3%A4rnu_JK_Vaprus,Estonia,986,Pärnu JK Vaprus,Pärnu,EE,58.3835136,24.5081751
181,Klaksvíkar Ítróttarfelag,/wiki/Klaksv%C3%ADkar_%C3%8Dtr%C3%B3ttarfelag,Faroe Islands,4722,Skála Ítróttarfelag,Skáli,FO,62.1514323,-6.7755862
182,Havnar Bóltfelag,/wiki/Havnar_B%C3%B3ltfelag,Faroe Islands,3192,Argja Bóltfelag,Argir,FO,61.9971969,-6.7774441
183,Víkingur Gøta,/wiki/V%C3%ADkingur_G%C3%B8ta,Faroe Islands,2729,Víkingur Gøta,Leirvík,FO,62.2095775,-6.7077974
184,NSÍ Runavík,/wiki/NS%C3%8D_Runav%C3%ADk,Faroe Islands,3515,NSÍ Runavík,Runavík,FO,62.1075979,-6.7210814
185,EB/Streymur,/wiki/EB/Streymur,Faroe Islands,2803,EB/Streymur,Streymnes,FO,62.1914142,-7.0316394
186,Ítróttarfelag Fuglafjarðar,/wiki/%C3%8Dtr%C3%B3ttarfelag_Fuglafjar%C3%B0ar,Faroe Islands,4722,Skála Ítróttarfelag,Skáli,FO,62.1514323,-6.7755862
188,Kuopion Palloseura,/wiki/Kuopion_Palloseura,Finland,2397,Oulun Palloseura,Oulu,FI,65.0118734,25.4716809
190,FC Inter Turku,/wiki/FC_Inter_Turku,Finland,701,Inter Turku,Turku,FI,60.4517531,22.2670522
192,HIFK Fotboll,/wiki/HIFK_Fotboll,Finland,3136,HIFK,Helsinki,FI,60.1674881,24.9427473
193,Ilves (football),/wiki/Ilves_(football),Finland,3137,FC Ilves,Tampere,FI,61.4980214,23.7603118
194,FC Lahti,/wiki/FC_Lahti,Finland,718,FC Lahti,Lahti,FI,60.9826014,25.6613764
195,FC Honka,/wiki/FC_Honka,Finland,700,FC Honka,Tapiola,FI,60.17664,24.8031685
196,FC Haka,/wiki/FC_Haka,Finland,544,FC Haka,Valkeakoski,FI,61.2637921,24.0301278
197,IFK Mariehamn,/wiki/IFK_Mariehamn,Finland,702,IFK Mariehamn,Mariehamn,FI,60.102423,19.94126
198,AC Oulu,/wiki/AC_Oulu,Finland,1150,AC Oulu,Oulu,FI,65.0118734,25.4716809
199,Kotkan Työväen Palloilijat,/wiki/Kotkan_Ty%C3%B6v%C3%A4en_Palloilijat,Finland,5760,Oulun Työväen Palloilijat,Oulu,FI,65.0118734,25.4716809
200,Lille OSC,/wiki/Lille_OSC,France,432,Lille OSC,Lille,FR,50.6365654,3.0635282
201,Paris Saint-Germain F.C.,/wiki/Paris_Saint-Germain_F.C.,France,338,Paris Saint-Germain,Paris,FR,48.8588897,2.3200410217200766
202,AS Monaco FC,/wiki/AS_Monaco_FC,France,332,AS Monaco,Monaco,FR,47.9965406,5.5307301
203,Olympique Lyonnais,/wiki/Olympique_Lyonnais,France,329,Olympique Lyonnais,Lyon,FR,45.7578137,4.8320114
204,Olympique de Marseille,/wiki/Olympique_de_Marseille,France,330,Olympique Marseille,Marseille,FR,43.2961743,5.3699525
205,Stade Rennais F.C.,/wiki/Stade_Rennais_F.C.,France,340,Stade Rennais,Rennes,FR,48.1113387,-1.6800198
206,RC Lens,/wiki/RC_Lens,France,327,RC Lens,Lens,FR,50.4291723,2.8319805
207,Montpellier HSC,/wiki/Montpellier_HSC,France,333,Montpellier HSC,Montpellier,FR,43.6112422,3.8767337
208,OGC Nice,/wiki/OGC_Nice,France,336,OGC Nice,Nice,FR,43.7009358,7.2683912
209,FC Metz,/wiki/FC_Metz,France,331,FC Metz,Metz,FR,49.1196964,6.1763552
210,AS Saint-Étienne,/wiki/AS_Saint-%C3%89tienne,France,341,AS Saint-Etienne,Saint-Etienne,FR,45.4401467,4.3873058
211,FC Girondins de Bordeaux,/wiki/FC_Girondins_de_Bordeaux,France,313,Girondins Bordeaux,Bordeaux,FR,44.841225,-0.5800364
212,Angers SCO,/wiki/Angers_SCO,France,310,Angers SCO,Angers,FR,47.4739884,-0.5515588
213,Stade de Reims,/wiki/Stade_de_Reims,France,339,Stade de Reims,Reims,FR,49.2577886,4.031926
214,RC Strasbourg Alsace,/wiki/RC_Strasbourg_Alsace,France,344,RC Strasbourg Alsace,Strasbourg,FR,48.584614,7.7507127
215,FC Lorient,/wiki/FC_Lorient,France,328,FC Lorient,Lorient,FR,47.7477336,-3.3660907
216,FC Nantes,/wiki/FC_Nantes,France,335,FC Nantes,Nantes,FR,47.2186371,-1.5541362
217,Nîmes Olympique,/wiki/N%C3%AEmes_Olympique,France,1290,Nîmes Olympique,Nimes,FR,43.8374249,4.3600687
218,Dijon FCO,/wiki/Dijon_FCO,France,319,Dijon FCO,Dijon,FR,47.3215806,5.0414701
219,FC Dinamo Batumi,/wiki/FC_Dinamo_Batumi,Georgia,2271,Dinamo Batumi,Batumi,GE,41.6509502,41.6360085
220,FC Dinamo Tbilisi,/wiki/FC_Dinamo_Tbilisi,Georgia,1338,Dinamo Tbilisi,Tbilisi,GE,41.6934591,44.8014495
221,FC Dila Gori,/wiki/FC_Dila_Gori,Georgia,1922,Dila Gori,Gori,GE,41.9818469,44.1117811
222,FC Saburtalo Tbilisi,/wiki/FC_Saburtalo_Tbilisi,Georgia,3868,FC Saburtalo Tbilisi,Tbilisi,GE,41.6934591,44.8014495
223,FC Locomotive Tbilisi,/wiki/FC_Locomotive_Tbilisi,Georgia,3869,Locomotive Tbilisi,Tbilisi,GE,41.6934591,44.8014495
224,FC Telavi,/wiki/FC_Telavi,Georgia,5634,FC Telavi,Telavi,GE,41.918292,45.4746493
226,FC Torpedo Kutaisi,/wiki/FC_Torpedo_Kutaisi,Georgia,1836,Torpedo Kutaisi,Kutaisi,GE,42.2716078,42.7054475
227,FC Shukura Kobuleti,/wiki/FC_Shukura_Kobuleti,Georgia,3264,Shukura Kobuleti,Kobuleti,GE,41.8113601,41.7793202
228,FC Samtredia,/wiki/FC_Samtredia,Georgia,3866,FC Samtredia,Samtredia,GE,42.1645985,42.3460344
230,RB Leipzig,/wiki/RB_Leipzig,Germany,1657,RB Leipzig,Leipzig,DE,51.3406321,12.3747329
231,Borussia Dortmund,/wiki/Borussia_Dortmund,Germany,392,Borussia Dortmund,Dortmund,DE,51.5142273,7.4652789
232,VfL Wolfsburg,/wiki/VfL_Wolfsburg,Germany,419,VfL Wolfsburg,Wolfsburg,DE,52.4205588,10.7861682
233,Eintracht Frankfurt,/wiki/Eintracht_Frankfurt,Germany,395,Eintracht Frankfurt,Frankfurt,DE,50.1106444,8.6820917
234,Borussia Mönchengladbach,/wiki/Borussia_M%C3%B6nchengladbach,Germany,393,Borussia Mönchengladbach,Mönchengladbach,DE,51.1946983,6.4353641
235,VfB Stuttgart,/wiki/VfB_Stuttgart,Germany,417,VfB Stuttgart,Stuttgart,DE,48.7784485,9.1800132
236,SC Freiburg,/wiki/SC_Freiburg,Germany,411,SC Freiburg,Freiburg,DE,47.9960901,7.8494005
237,FC Augsburg,/wiki/FC_Augsburg,Germany,750,FC Augsburg,Augsburg,DE,48.3668041,10.8986971
238,Hertha BSC,/wiki/Hertha_BSC,Germany,404,Hertha BSC,Berlin,DE,52.5170365,13.3888599
239,Arminia Bielefeld,/wiki/Arminia_Bielefeld,Germany,389,Arminia Bielefeld,Bielefeld,DE,52.0191005,8.531007
240,SV Werder Bremen,/wiki/SV_Werder_Bremen,Germany,414,Werder Bremen,Bremen,DE,53.0758196,8.8071646
241,Europa F.C.,/wiki/Europa_F.C.,Gibraltar,3746,Europa FC,Gibraltar,GI,36.140807,-5.3541295
242,St Joseph's F.C.,/wiki/St_Joseph%27s_F.C.,Gibraltar,5025,St Joseph's FC,Gibraltar,GI,36.140807,-5.3541295
243,Lincoln Red Imps F.C.,/wiki/Lincoln_Red_Imps_F.C.,Gibraltar,3377,Lincoln Red Imps,Gibraltar,GI,36.140807,-5.3541295
245,F.C. Bruno's Magpies,/wiki/F.C._Bruno%27s_Magpies,Gibraltar,5489,Bruno's Magpies,Gibraltar,GI,36.140807,-5.3541295
247,Mons Calpe S.C.,/wiki/Mons_Calpe_S.C.,Gibraltar,5333,Mons Calpe SC,Gibraltar,GI,36.140807,-5.3541295
251,Olympiacos F.C.,/wiki/Olympiacos_F.C.,Greece,373,Olympiacos,Piraeus,GR,37.9431594,23.6470593
252,PAOK FC,/wiki/PAOK_FC,Greece,491,PAOK,Thessaloniki,GR,40.6403167,22.9352716
253,AEK Athens F.C.,/wiki/AEK_Athens_F.C.,Greece,372,AEK Athens,Athens,GR,37.9839412,23.7283052
254,Aris Thessaloniki F.C.,/wiki/Aris_Thessaloniki_F.C.,Greece,762,Aris Thessaloniki,Thessaloniki,GR,40.6403167,22.9352716
255,Panathinaikos F.C.,/wiki/Panathinaikos_F.C.,Greece,374,Panathinaikos,Athens,GR,37.9839412,23.7283052
256,PAS Giannina F.C.,/wiki/PAS_Giannina_F.C.,Greece,1446,PAS Giannina,Ioannina,GR,39.6639818,20.8522784
257,OFI Crete F.C.,/wiki/OFI_Crete_F.C.,Greece,497,OFI Crete,Heraklion,GR,35.3400127,25.1343475
258,Asteras Tripolis F.C.,/wiki/Asteras_Tripolis_F.C.,Greece,1227,Asteras Tripolis,Tripoli,GR,37.5102911,22.3724241
259,Panetolikos F.C.,/wiki/Panetolikos_F.C.,Greece,1717,Panetolikos,Agrinio,GR,38.6248275,21.4094206
260,Volos F.C.,/wiki/Volos_F.C.,Greece,5138,Volos NFC,Volos,GR,39.3624833,22.9401864
261,Ionikos F.C.,/wiki/Ionikos_F.C.,Greece,494,Ionikos,Piraeus,GR,37.9431594,23.6470593
262,Atromitos F.C.,/wiki/Atromitos_F.C.,Greece,575,Atromitos,Peristeri,GR,38.0128111,23.6955137
263,Apollon Smyrnis F.C.,/wiki/Apollon_Smyrnis_F.C.,Greece,2217,Apollon Smyrnis,Athens,GR,37.9839412,23.7283052
264,Ferencvárosi TC,/wiki/Ferencv%C3%A1rosi_TC,Hungary,1416,Ferencvárosi TC,Budapest,HU,47.4979937,19.0403594
265,Puskás Akadémia FC,/wiki/Pusk%C3%A1s_Akad%C3%A9mia_FC,Hungary,2592,Puskás Akadémia FC,Felcsút,HU,47.4545349,18.5862386
266,Fehérvár FC,/wiki/Feh%C3%A9rv%C3%A1r_FC,Hungary,1015,Fehérvár FC,Szekesfehervar,HU,47.1910169,18.410811
267,Paksi FC,/wiki/Paksi_FC,Hungary,1018,Paksi FC,Paks,HU,46.6229468,18.8589364
268,Kisvárda FC,/wiki/Kisv%C3%A1rda_FC,Hungary,3114,Kisvárda FC,Kisvárda,HU,48.2257593,22.0784247
269,Újpest FC,/wiki/%C3%9Ajpest_FC,Hungary,1014,Újpest FC,Budapest,HU,47.4979937,19.0403594
270,MTK Budapest FC,/wiki/MTK_Budapest_FC,Hungary,1010,MTK Budapest,Budapest,HU,47.4979937,19.0403594
272,Zalaegerszegi TE,/wiki/Zalaegerszegi_TE,Hungary,1013,Zalaegerszegi TE,Zalaegerszeg,HU,46.8415803,16.8456316
273,Budapest Honvéd FC,/wiki/Budapest_Honv%C3%A9d_FC,Hungary,1023,Budapest Honvéd,Budapest ,HU,47.4979937,19.0403594
274,Diósgyőri VTK,/wiki/Di%C3%B3sgy%C5%91ri_VTK,Hungary,1016,Diósgyőri VTK,Miskolc,HU,48.1030643,20.7900429
275,Budafoki MTE,/wiki/Budafoki_MTE,Hungary,4942,Budafoki MTE,Budapest,HU,47.4979937,19.0403594
276,Fimleikafélag Hafnarfjarðar,/wiki/Fimleikaf%C3%A9lag_Hafnarfjar%C3%B0ar,Iceland,1139,Fimleikafélag Hafnarfjarðar,Hafnarfjörður,IS,64.0695354,-21.9575664
277,Stjarnan men's football,/wiki/Stjarnan_men%27s_football,Iceland,1528,Stjarnan,Garðabær,IS,64.0880255,-21.9193961
278,Knattspyrnufélag Akureyrar,/wiki/Knattspyrnuf%C3%A9lag_Akureyrar,Iceland,1991,KA Akureyrar,Akureyri,IS,65.68390355,-18.11217559813441
279,Valur (club),/wiki/Valur_(club),Iceland,1140,Valur,Reykjavík,IS,64.145981,-21.9422367
280,Knattspyrnufélagið Víkingur,/wiki/Knattspyrnuf%C3%A9lagi%C3%B0_V%C3%ADkingur,Iceland,1142,Víkingur,Reykjavík,IS,64.145981,-21.9422367
281,Fylkir,/wiki/Fylkir,Iceland,1143,Fylkir,Reykjavík,IS,64.145981,-21.9422367
282,Handknattleiksfélag Kópavogs,/wiki/Handknattleiksf%C3%A9lag_K%C3%B3pavogs,Iceland,1144,HK Kópavogs,Kópavogur,IS,64.0280441,-21.686270442142405
283,Íþróttabandalag Akraness,/wiki/%C3%8D%C3%BEr%C3%B3ttabandalag_Akraness,Iceland,760,ÍA Akranes,Akranes,IS,64.3170806,-22.0833512
284,Grindavík men's football,/wiki/Grindav%C3%ADk_men%27s_football,Iceland,1351,Grindavík,Grindavík,IS,63.844239,-22.4317498
286,Maccabi Haifa F.C.,/wiki/Maccabi_Haifa_F.C.,Israel,474,Maccabi Haifa,Haifa,IL,32.8191218,34.9983856
287,Maccabi Tel Aviv F.C.,/wiki/Maccabi_Tel_Aviv_F.C.,Israel,605,Maccabi Tel Aviv,Tel Aviv,IL,32.0852997,34.7818064
289,Hapoel Jerusalem F.C.,/wiki/Hapoel_Jerusalem_F.C.,Israel,2398,Hapoel Jerusalem,Jerusalem,IL,31.79592425,35.21198075969497
290,Hapoel Hadera F.C.,/wiki/Hapoel_Hadera_F.C.,Israel,4897,Hapoel Hadera,Hadera,IL,32.43732495,34.91785560662627
291,F.C. Ashdod,/wiki/F.C._Ashdod,Israel,607,FC Ashdod,Ashdod,IL,31.7977314,34.6529922
293,Maccabi Bnei Reineh F.C.,/wiki/Maccabi_Bnei_Reineh_F.C.,Israel,5917,Maccabi Bnei Reineh,Reineh,IL,32.721222,35.317534762343584
294,Hapoel Tel Aviv F.C.,/wiki/Hapoel_Tel_Aviv_F.C.,Israel,601,Hapoel Tel Aviv,Tel Aviv,IL,32.0852997,34.7818064
295,Beitar Jerusalem F.C.,/wiki/Beitar_Jerusalem_F.C.,Israel,492,Beitar Jerusalem,Jerusalem,IL,31.79592425,35.21198075969497
296,Hapoel Haifa F.C.,/wiki/Hapoel_Haifa_F.C.,Israel,1492,Hapoel Haifa,Haifa,IL,32.8191218,34.9983856
297,Maccabi Netanya F.C.,/wiki/Maccabi_Netanya_F.C.,Israel,608,Maccabi Netanya,Netanya,IL,32.3286181,34.8566246
300,Juventus F.C.,/wiki/Juventus_F.C.,Italy,110,Juventus,Turin,IT,45.0677551,7.6824892
302,Atalanta B.C.,/wiki/Atalanta_B.C.,Italy,96,Atalanta BC,Bergamo,IT,45.6944947,9.6698727
303,S.S. Lazio,/wiki/S.S._Lazio,Italy,111,SS Lazio,Rome,IT,41.8933203,12.4829321
304,A.S. Roma,/wiki/A.S._Roma,Italy,123,AS Roma,Rome,IT,41.8933203,12.4829321
305,A.C. Milan,/wiki/A.C._Milan,Italy,115,AC Milan,Milano,IT,45.4641943,9.1896346
306,S.S.C. Napoli,/wiki/S.S.C._Napoli,Italy,746,SSC Napoli,Napoli,IT,40.8358846,14.2487679
307,U.S. Sassuolo Calcio,/wiki/U.S._Sassuolo_Calcio,Italy,95,Ascoli Calcio,Ascoli Piceno,IT,42.8546185,13.5755038
308,Hellas Verona F.C.,/wiki/Hellas_Verona_F.C.,Italy,133,Hellas Verona,Verona,IT,45.4384958,10.9924122
309,ACF Fiorentina,/wiki/ACF_Fiorentina,Italy,107,ACF Fiorentina,Firenze,IT,43.7698712,11.2555757
310,Udinese Calcio,/wiki/Udinese_Calcio,Italy,131,Udinese Calcio,Udine,IT,46.0634632,13.2358377
311,Cagliari Calcio,/wiki/Cagliari_Calcio,Italy,100,Cagliari,Cagliari,IT,39.2171994,9.113311
312,U.C. Sampdoria,/wiki/U.C._Sampdoria,Italy,125,Sampdoria,Genoa,IT,44.40726,8.9338624
313,Torino F.C.,/wiki/Torino_F.C.,Italy,128,Torino,Torino,IT,45.0677551,7.6824892
314,Genoa C.F.C.,/wiki/Genoa_C.F.C.,Italy,108,Genoa CFC,Genoa,IT,44.40726,8.9338624
315,U.S. Lecce,/wiki/U.S._Lecce,Italy,112,US Lecce,Lecce,IT,40.3570373,18.1718482
316,Brescia Calcio,/wiki/Brescia_Calcio,Italy,99,Brescia Calcio,Brescia,IT,45.5398022,10.2200214
317,S.P.A.L.,/wiki/S.P.A.L.,Italy,278,Newell’s Old Boys,Rosario,IT,39.2910302,16.2336818
318,FC Astana,/wiki/FC_Astana,Kazakhstan,1508,FC Astana,Astana,KZ,51.1282205,71.4306682
319,FC Kairat,/wiki/FC_Kairat,Kazakhstan,2095,FC Kairat Almaty,Almaty,KZ,43.2363924,76.9457275
320,FC Ordabasy,/wiki/FC_Ordabasy,Kazakhstan,1987,FC Ordabasy,Shymkent,KZ,42.3146962,69.5883282
321,FC Tobol,/wiki/FC_Tobol,Kazakhstan,1786,FK Tobol,Kostanay,KZ,53.2146604,63.632607
322,FC Zhetysu,/wiki/FC_Zhetysu,Kazakhstan,1705,FC Zhetysu,Taldykorgan,KZ,45.0164138,78.3791841
323,FC Kaisar,/wiki/FC_Kaisar,Kazakhstan,2192,FC Kaisar,Kyzylorda,KZ,44.8426778,65.5036151
326,FC Shakhter Karagandy,/wiki/FC_Shakhter_Karagandy,Kazakhstan,1914,Shakhter Karagandy,Karagandy,KZ,49.8161282,73.1026622
327,FC Taraz,/wiki/FC_Taraz,Kazakhstan,2019,FC Taraz,Taraz,KZ,42.9015945,71.3769302
328,FC Atyrau,/wiki/FC_Atyrau,Kazakhstan,1749,FC Atyrau,Atyrau,KZ,47.1067183,51.9138976
329,FC Aktobe,/wiki/FC_Aktobe,Kazakhstan,1708,FK Aktobe,Aktobe,KZ,50.2836268,57.2298651
334,KF Feronikeli,/wiki/KF_Feronikeli,Kosovo,5379,KF Feronikeli,Glogovac,RS,43.2547709,22.1999471
342,Valmiera FC,/wiki/Valmiera_FC,Latvia,5054,Valmiera FC,Valmiera,LV,57.5389148,25.4261688
343,FK Liepāja,/wiki/FK_Liep%C4%81ja,Latvia,991,FK Liepaja,Liepājas,LV,55.806228,26.5810053
344,Riga FC,/wiki/Riga_FC,Latvia,4365,Riga FC,Riga,LV,56.9493977,24.1051846
345,FK Spartaks Jūrmala,/wiki/FK_Spartaks_J%C5%ABrmala,Latvia,2110,FK Spartaks Jūrmala,Jūrmala,LV,56.9727164,23.7886979
346,BFC Daugavpils,/wiki/BFC_Daugavpils,Latvia,2888,BFC Daugavpils,Daugavpils,LV,55.8712267,26.5159337
349,FK Ventspils,/wiki/FK_Ventspils,Latvia,990,FK Ventspils,Ventspils,LV,57.3903918,21.5635991
350,FK Žalgiris,/wiki/FK_%C5%BDalgiris,Lithuania,1131,FK Žalgiris Vilnius,Vilnius,LT,54.6870458,25.2829111
352,FK Kauno Žalgiris,/wiki/FK_Kauno_%C5%BDalgiris,Lithuania,2572,FK Kauno Žalgiris,Kaunas,LT,54.8982139,23.9044817
353,FK Panevėžys,/wiki/FK_Panev%C4%97%C5%BEys,Lithuania,5057,FK Panevėžys,Panevėžys,LT,55.7344985,24.3578055
354,FK Sūduva,/wiki/FK_S%C5%ABduva,Lithuania,1133,FK Sūduva,Marijampolė,LT,54.5562536,23.3503665
355,FK Riteriai,/wiki/FK_Riteriai,Lithuania,2562,FK Riteriai,Trakai,LT,54.6449911,24.9353981
356,FA Šiauliai,/wiki/FA_%C5%A0iauliai,Lithuania,1135,FA Šiauliai,Siauliai,LT,55.9340823,23.3157775
357,FK Banga Gargždai,/wiki/FK_Banga_Garg%C5%BEdai,Lithuania,1940,FK Banga,Gargždai,LT,55.7175688,21.3950166
358,FC Džiugas Telšiai,/wiki/FC_D%C5%BEiugas_Tel%C5%A1iai,Lithuania,5649,FC Džiugas Telšiai,Telšiai,LT,55.9846135,22.2490753
359,FK Jonava,/wiki/FK_Jonava,Lithuania,2561,FK Jonava,Jonava,LT,55.0737086,24.2756961
360,CS Fola Esch,/wiki/CS_Fola_Esch,Luxembourg,2420,CS Fola Esch,Esch-Sur-Alzette,LU,49.4959628,5.9850306
361,FC Swift Hesperange,/wiki/FC_Swift_Hesperange,Luxembourg,2786,FC Swift Hesper,Hesperange,LU,49.5729552,6.1615727
363,FC Progrès Niederkorn,/wiki/FC_Progr%C3%A8s_Niederkorn,Luxembourg,3373,Progrès Niederkorn,Niederkorn,LU,49.5366182,5.8899436
364,Jeunesse Esch,/wiki/Jeunesse_Esch,Luxembourg,1382,Jeunesse Esch,Esch-sur-Alzette,LU,49.4959628,5.9850306
365,US Hostert,/wiki/US_Hostert,Luxembourg,3376,US Hostert,Hostert,LU,49.8101761,5.8657938
366,FC UNA Strassen,/wiki/FC_UNA_Strassen,Luxembourg,4103,FC UNA Strassen,Strassen,LU,49.6196726,6.0721393
367,US Mondorf-les-Bains,/wiki/US_Mondorf-les-Bains,Luxembourg,3374,US Mondorf-les-Bains,Mondorf-les-Bains,LU,49.5071747,6.2814238
368,FC Victoria Rosport,/wiki/FC_Victoria_Rosport,Luxembourg,3375,Victoria Rosport,Rosport,LU,49.8047635,6.5014359
369,FC RM Hamm Benfica,/wiki/FC_RM_Hamm_Benfica,Luxembourg,4104,FC RM Hamm Benfica,Hamm,LU,49.610433,6.1647463
370,FC Etzella Ettelbruck,/wiki/FC_Etzella_Ettelbruck,Luxembourg,2587,FC Etzella Ettelbruck,Ettelbruck,LU,49.8470016,6.0984659
371,Union Titus Pétange,/wiki/Union_Titus_P%C3%A9tange,Luxembourg,4603,Union Titus Pétange,Petingen,LU,49.5566918,5.8776052
373,Hibernians F.C.,/wiki/Hibernians_F.C.,Malta,579,Hibernians FC,Paola,MT,35.8717994,14.5073748
375,Birkirkara F.C.,/wiki/Birkirkara_F.C.,Malta,576,Birkirkara,Birkirkara,MT,35.8994547,14.4649578
376,Sliema Wanderers F.C.,/wiki/Sliema_Wanderers_F.C.,Malta,586,Sliema Wanderers,Sliema,MT,35.9127609,14.5020708
377,Mosta F.C.,/wiki/Mosta_F.C.,Malta,1981,Mosta FC,Mosta,MT,35.9079178,14.4241508
378,Valletta F.C.,/wiki/Valletta_F.C.,Malta,587,Valletta,Valletta ,MT,35.8989818,14.5136759
380,Sirens F.C.,/wiki/Sirens_F.C.,Malta,4673,Sirens FC,St. Paul's Bay,MT,35.9480742,14.3973929
381,Balzan F.C.,/wiki/Balzan_F.C.,Malta,1963,Balzan FC,Ħal Balzan,MT,35.8986113,14.4510172
382,Gudja United F.C.,/wiki/Gudja_United_F.C.,Malta,3755,Gudja United,Gudja,MT,35.8483258,14.5030882
383,Floriana F.C.,/wiki/Floriana_F.C.,Malta,577,Floriana,Floriana,MT,35.8929838,14.5052716
384,Żejtun Corinthians F.C.,/wiki/%C5%BBejtun_Corinthians_F.C.,Malta,2789,Żejtun Corinthians,Żejtun,MT,35.8537008,14.5315311
385,Tarxien Rainbows F.C.,/wiki/Tarxien_Rainbows_F.C.,Malta,1453,Tarxien Rainbows,Tarxien,MT,35.8648857,14.5114877
386,Lija Athletic F.C.,/wiki/Lija_Athletic_F.C.,Malta,2844,Lija Athletic,Lija,MT,35.901766,14.4476136
387,Senglea Athletic F.C.,/wiki/Senglea_Athletic_F.C.,Malta,4674,Senglea Athletic,Senglea,MT,35.887175,14.517307
388,FC Sheriff Tiraspol,/wiki/FC_Sheriff_Tiraspol,Moldova,1395,Sheriff Tiraspol,Tiraspol,MD,46.8371103,29.6109989
389,FC Sfântul Gheorghe Suruceni,/wiki/FC_Sf%C3%A2ntul_Gheorghe_Suruceni,Moldova,4844,Sfantul Gheorghe Suruceni,Suruceni,MD,46.9824956,28.6686062
390,FC Petrocub Hîncești,/wiki/FC_Petrocub_H%C3%AEnce%C8%99ti,Moldova,3901,Petrocub Hîncești,Sărata-Galbenă,MD,46.7338065,28.5210515
391,FC Dinamo-Auto Tiraspol,/wiki/FC_Dinamo-Auto_Tiraspol,Moldova,3113,Dinamo-Auto Tiraspol,Tiraspol,MD,46.8371103,29.6109989
392,FC Milsami Orhei,/wiki/FC_Milsami_Orhei,Moldova,2082,FC Milsami,Orhei,MD,47.3782288,28.8246754
393,Speranța Nisporeni,/wiki/Speran%C8%9Ba_Nisporeni,Moldova,3950,Speranța Nisporeni,Nisporeni,MD,47.0748582,28.1778018
394,FC Zimbru Chișinău,/wiki/FC_Zimbru_Chi%C8%99in%C4%83u,Moldova,1340,Zimbru,Chişinău,MD,47.0245117,28.8322923
395,FC Codru Lozova,/wiki/FC_Codru_Lozova,Moldova,5309,Codru Lozova,Lozova,MD,47.134342,28.37749511898756
396,FK Budućnost Podgorica,/wiki/FK_Budu%C4%87nost_Podgorica,Montenegro,1431,FK Budućnost,Podgorica,ME,42.4415238,19.2621081
397,FK Sutjeska Nikšić,/wiki/FK_Sutjeska_Nik%C5%A1i%C4%87,Montenegro,2020,FK Sutjeska,Nikšić,ME,42.7739388,18.9488097
398,FK Dečić,/wiki/FK_De%C4%8Di%C4%87,Montenegro,1648,FK Dečić,Tuzi,ME,42.3661526,19.3300881
399,FK Podgorica,/wiki/FK_Podgorica,Montenegro,5079,FK Podgorica,Podgorica,ME,42.4415238,19.2621081
400,FK Jezero,/wiki/FK_Jezero,Montenegro,5188,FK Jezero,Plav,ME,42.5968969,19.9441846
401,FK Zeta,/wiki/FK_Zeta,Montenegro,1766,FK Zeta,Golubovci,ME,42.3338914,19.2363048
402,FK Rudar Pljevlja,/wiki/FK_Rudar_Pljevlja,Montenegro,1566,Rudar Pljevlja,Pljevlja,ME,43.3565611,19.3584715
403,FK Iskra Danilovgrad,/wiki/FK_Iskra_Danilovgrad,Montenegro,3899,FK Iskra Danilovgrad,Danilovgrad,ME,42.55221,19.1052668
404,OFK Petrovac,/wiki/OFK_Petrovac,Montenegro,1709,OFK Petrovac,Petrovac,ME,42.2068358,18.9428248
405,OFK Titograd,/wiki/OFK_Titograd,Montenegro,1646,OFK Titograd Podgorica,Podgorica,ME,42.4415238,19.2621081
406,AFC Ajax,/wiki/AFC_Ajax,Netherlands,180,Ajax,Amsterdam,NL,52.3727598,4.8936041
407,PSV Eindhoven,/wiki/PSV_Eindhoven,Netherlands,201,PSV,Eindhoven,NL,51.4392648,5.478633
408,AZ Alkmaar,/wiki/AZ_Alkmaar,Netherlands,179,AZ Alkmaar,Alkmaar,NL,52.600853799999996,4.817099446443963
409,SBV Vitesse,/wiki/SBV_Vitesse,Netherlands,209,Vitesse,Arnhem,NL,51.984257,5.9108573
410,Feyenoord,/wiki/Feyenoord,Netherlands,192,Feyenoord,Rotterdam,NL,51.9244424,4.47775
411,FC Utrecht,/wiki/FC_Utrecht,Netherlands,189,FC Utrecht,Utrecht,NL,52.080985600000005,5.12768396945229
412,FC Groningen,/wiki/FC_Groningen,Netherlands,187,FC Groningen,Groningen,NL,53.2190652,6.5680077
413,Sparta Rotterdam,/wiki/Sparta_Rotterdam,Netherlands,206,Sparta Rotterdam,Rotterdam,NL,51.9244424,4.47775
414,Heracles Almelo,/wiki/Heracles_Almelo,Netherlands,197,Heracles Almelo,Almelo,NL,52.3567956,6.66725277634109
415,FC Twente,/wiki/FC_Twente,Netherlands,188,FC Twente,Enschede,NL,52.2209855,6.8940537
416,Fortuna Sittard,/wiki/Fortuna_Sittard,Netherlands,193,Fortuna Sittard,Sittard,NL,50.9974235,5.8666627
417,SC Heerenveen,/wiki/SC_Heerenveen,Netherlands,205,SC Heerenveen,Heerenveen,NL,52.998474200000004,5.923148795038062
418,PEC Zwolle,/wiki/PEC_Zwolle,Netherlands,191,PEC Zwolle,Zwolle,NL,52.5089759,6.0943765
419,Willem II (football club),/wiki/Willem_II_(football_club),Netherlands,212,Willem II,Tilburg,NL,51.585618749999995,5.066061908648313
420,RKC Waalwijk,/wiki/RKC_Waalwijk,Netherlands,203,RKC Waalwijk,Waalwijk,NL,51.687337150000005,5.017307939950269
421,FC Emmen,/wiki/FC_Emmen,Netherlands,183,FC Emmen,Emmen,NL,52.75286615,6.952513466208563
422,VVV-Venlo,/wiki/VVV-Venlo,Netherlands,210,VVV-Venlo,Venlo,NL,51.39244885,6.1511724144122955
423,ADO Den Haag,/wiki/ADO_Den_Haag,Netherlands,177,ADO Den Haag,The Hague,NL,52.0799838,4.3113461
424,KF Shkëndija,/wiki/KF_Shk%C3%ABndija,North Macedonia,1642,KF Shkëndija 79,Tetovo,MK,42.0068297,20.9728556
425,KF Shkupi,/wiki/KF_Shkupi,North Macedonia,3884,FK Shkupi,Čair,MK,42.0181438,21.4399495
426,FC Struga,/wiki/FC_Struga,North Macedonia,5375,FC Struga,Struga,MK,41.1770278,20.6790586
428,FK Rabotnički,/wiki/FK_Rabotni%C4%8Dki,North Macedonia,1061,FK Rabotnički ,Skopje,MK,41.9960924,21.4316495
429,FK Pelister,/wiki/FK_Pelister,North Macedonia,2241,FK Pelister,Bitola,MK,41.0316005,21.3302511
430,Akademija Pandev,/wiki/Akademija_Pandev,North Macedonia,4661,Akademija Pandev,Strumica,MK,41.4392045,22.6397203
431,FK Borec,/wiki/FK_Borec,North Macedonia,4976,FK Borec,Veles,MK,41.718869,21.7705695
432,FK Sileks,/wiki/FK_Sileks,North Macedonia,2243,FK Sileks,Kratovo,MK,42.079261,22.1802182
433,KF Renova,/wiki/KF_Renova,North Macedonia,1244,FK Renova,Dzepciste,MK,42.0363532,21.002694
434,FK Vardar,/wiki/FK_Vardar,North Macedonia,1062,FK Vardar,Skopje,MK,41.9960924,21.4316495
435,FK Belasica,/wiki/FK_Belasica,North Macedonia,5186,FK Belasica,Strumica,MK,41.4392045,22.6397203
436,Linfield F.C.,/wiki/Linfield_F.C.,Northern Ireland,1034,Linfield,Belfast,GB,54.596391,-5.9301829
437,Cliftonville F.C.,/wiki/Cliftonville_F.C.,Northern Ireland,1037,Cliftonville,Belfast,GB,54.596391,-5.9301829
438,Glentoran F.C.,/wiki/Glentoran_F.C.,Northern Ireland,1035,Glentoran,Belfast,GB,54.596391,-5.9301829
439,Crusaders F.C.,/wiki/Crusaders_F.C.,Northern Ireland,1036,Crusaders,Belfast,GB,54.596391,-5.9301829
440,Larne F.C.,/wiki/Larne_F.C.,Northern Ireland,5267,Larne FC,Larne,GB,54.8508458,-5.8183116
441,Coleraine F.C.,/wiki/Coleraine_F.C.,Northern Ireland,1038,Coleraine,Coleraine,GB,55.1315912,-6.671861
442,Glenavon F.C.,/wiki/Glenavon_F.C.,Northern Ireland,1441,Glenavon,Lurgan,GB,54.460824,-6.3292491
443,Ballymena United F.C.,/wiki/Ballymena_United_F.C.,Northern Ireland,1380,Ballymena United,Ballymena,GB,54.8662966,-6.2760159
444,Dungannon Swifts F.C.,/wiki/Dungannon_Swifts_F.C.,Northern Ireland,2582,Dungannon Swifts,Dungannon,GB,54.5039088,-6.7703622
445,Carrick Rangers F.C.,/wiki/Carrick_Rangers_F.C.,Northern Ireland,1926,Carrick Rangers,Carrickfergus,GB,54.7136165,-5.8073112
446,Portadown F.C.,/wiki/Portadown_F.C.,Northern Ireland,936,Portadown,Portadown,GB,54.4242284,-6.4412133
447,Warrenpoint Town F.C.,/wiki/Warrenpoint_Town_F.C.,Northern Ireland,3237,Warrenpoint Town,Warrenpoint,GB,54.0999923,-6.2512827
448,FK Bodø/Glimt,/wiki/FK_Bod%C3%B8/Glimt,Norway,1209,FK Bodø/Glimt,Bodø,NO,67.2844323,14.3817466
449,Molde FK,/wiki/Molde_FK,Norway,697,Molde FK,Molde,NO,62.60162565,8.138620840166594
450,Viking FK,/wiki/Viking_FK,Norway,469,Viking FK,Stavanger,NO,58.9699509,5.7318061
451,Lillestrøm SK,/wiki/Lillestr%C3%B8m_SK,Norway,693,Lillestrøm SK,Lillestrøm,NO,59.955923,11.0491123
452,Rosenborg BK,/wiki/Rosenborg_BK,Norway,466,Rosenborg BK,Trondheim,NO,63.4305658,10.3951929
453,Kristiansund BK,/wiki/Kristiansund_BK,Norway,2461,Kristiansund BK,Kristiansund,NO,63.216819400000006,7.545258996501891
454,Vålerenga Fotball,/wiki/V%C3%A5lerenga_Fotball,Norway,468,Vålerenga IF,Oslo,NO,59.9133301,10.7389701
455,Strømsgodset Toppfotball,/wiki/Str%C3%B8msgodset_Toppfotball,Norway,932,Strømsgodset IF,Drammen,NO,59.6964936,10.175641950012762
456,Sandefjord Fotball,/wiki/Sandefjord_Fotball,Norway,696,Sandefjord Fotball,Sandefjord,NO,59.07990035,10.28043216859497
457,FK Haugesund,/wiki/FK_Haugesund,Norway,1595,FK Haugesund,Haugesund,NO,59.46824785,5.082761213563481
458,Tromsø IL,/wiki/Troms%C3%B8_IL,Norway,698,Tromsø IL,Tromsø,NO,69.651648,18.9558186
459,Odds BK,/wiki/Odds_BK,Norway,695,Odds BK,Skien,NO,59.2662883,9.531135447537467
460,SK Brann,/wiki/SK_Brann,Norway,489,SK Brann,Bergen,NO,60.3943055,5.3259192
461,Stabæk Fotball,/wiki/Stab%C3%A6k_Fotball,Norway,3555,Asane Fotball,Åsane,NO,60.4724133,5.338944600558691
463,Legia Warsaw,/wiki/Legia_Warsaw,Poland,651,Legia Warszawa,Warszawa,PL,52.2319581,21.0067249
464,Piast Gliwice,/wiki/Piast_Gliwice,Poland,1301,Piast Gliwice,Gliwice,PL,50.294113,18.6657306
465,Śląsk Wrocław,/wiki/%C5%9Al%C4%85sk_Wroc%C5%82aw,Poland,1303,Slask Wroclaw,Wroclaw,PL,51.1089776,17.0326689
466,Lech Poznań,/wiki/Lech_Pozna%C5%84,Poland,918,Lech Poznań,Poznań,PL,52.4006632,16.91973259178088
467,MKS Cracovia,/wiki/MKS_Cracovia,Poland,650,KS Cracovia,Krakow,PL,50.0619474,19.9368564
468,Pogoń Szczecin,/wiki/Pogo%C5%84_Szczecin,Poland,1077,Pogon Szczecin,Szczecin,PL,53.4301818,14.5509623
469,Jagiellonia Białystok,/wiki/Jagiellonia_Bia%C5%82ystok,Poland,1255,Jagiellonia Bialystok,Białystok,PL,53.127505049999996,23.147050870161664
470,Lechia Gdańsk,/wiki/Lechia_Gda%C5%84sk,Poland,1302,Lechia Gdańsk,Gdańsk,PL,54.42880315,18.798325902846855
471,Górnik Zabrze,/wiki/G%C3%B3rnik_Zabrze,Poland,1075,Gornik Zabrze,Zabrze,PL,50.3086154,18.7863749
472,Raków Częstochowa,/wiki/Rak%C3%B3w_Cz%C4%99stochowa,Poland,3606,Raków Częstochowa,Częstochowa,PL,50.8120466,19.113213
473,Zagłębie Lubin,/wiki/Zag%C5%82%C4%99bie_Lubin,Poland,1060,Zaglebie Lubin,Lubin,PL,51.399678300000005,16.1993379441299
474,Wisła Płock,/wiki/Wis%C5%82a_P%C5%82ock,Poland,652,Wisla Plock,Plock,PL,52.5464521,19.7008606
475,Wisła Kraków,/wiki/Wis%C5%82a_Krak%C3%B3w,Poland,649,Wisla Kraków,Kraków,PL,50.0619474,19.9368564
476,Korona Kielce,/wiki/Korona_Kielce,Poland,1070,Korona Kielce,Kielce,PL,50.85403585,20.609914352101452
477,Arka Gdynia,/wiki/Arka_Gdynia,Poland,1074,Arka Gdynia,Gdynia,PL,54.5164982,18.5402738
478,ŁKS Łódź,/wiki/%C5%81KS_%C5%81%C3%B3d%C5%BA,Poland,1618,KS Skënderbeu,Korçë,PL,50.3874326,20.5265568
479,Sporting CP,/wiki/Sporting_CP,Portugal,246,Sporting CP,Lisbon,PT,38.7077507,-9.1365919
480,FC Porto,/wiki/FC_Porto,Portugal,224,FC Porto,Porto,PT,41.1494512,-8.6107884
481,S.L. Benfica,/wiki/S.L._Benfica,Portugal,218,SL Benfica,Lisbon,PT,38.7077507,-9.1365919
482,S.C. Braga,/wiki/S.C._Braga,Portugal,243,Sporting de Braga,Braga,PT,41.5510583,-8.4280045
483,F.C. Paços de Ferreira,/wiki/F.C._Pa%C3%A7os_de_Ferreira,Portugal,238,Paços de Ferreira,Paços de Ferreira,PT,41.290118,-8.378194008811969
484,C.D. Santa Clara,/wiki/C.D._Santa_Clara,Portugal,242,CD Santa Clara,Ponta Delgada,PT,37.7394344,-25.6683618
485,Vitória S.C.,/wiki/Vit%C3%B3ria_S.C.,Portugal,250,Vitória de Guimarães,Guimarães,PT,41.4417677,-8.2955712
486,Moreirense F.C.,/wiki/Moreirense_F.C.,Portugal,233,Moreirense FC,Moreira de Cónegos,PT,41.3814913,-8.3361532
487,F.C. Famalicão,/wiki/F.C._Famalic%C3%A3o,Portugal,1871,FC Famalicão,Famalicão,PT,41.4065175,-8.5187481
488,Belenenses SAD,/wiki/Belenenses_SAD,Portugal,217,B  SAD,Lisboa,PT,38.7077507,-9.1365919
489,Gil Vicente F.C.,/wiki/Gil_Vicente_F.C.,Portugal,227,Gil Vicente FC,Barcelos,PT,41.5314496,-8.6192306
490,C.D. Tondela,/wiki/C.D._Tondela,Portugal,2107,CD Tondela,Tondela,PT,40.51642,-8.08053
491,Boavista F.C.,/wiki/Boavista_F.C.,Portugal,219,Boavista FC,Porto,PT,41.1494512,-8.6107884
492,Portimonense S.C.,/wiki/Portimonense_S.C.,Portugal,240,Portimonense SC,Portimão,PT,37.1375808,-8.5368426
493,C.S. Marítimo,/wiki/C.S._Mar%C3%ADtimo,Portugal,232,CS Maritimo,Funchal,PT,32.6496497,-16.9086783
494,Rio Ave F.C.,/wiki/Rio_Ave_F.C.,Portugal,241,Rio Ave,Vila do Conde,PT,41.3580981,-8.7475631
495,S.C. Farense,/wiki/S.C._Farense,Portugal,2203,SC Farense,Faro,PT,37.0162727,-7.9351771
496,C.D. Nacional,/wiki/C.D._Nacional,Portugal,234,CD Nacional,Funchal,PT,32.6496497,-16.9086783
497,Shamrock Rovers F.C.,/wiki/Shamrock_Rovers_F.C.,Great Britain,984,Shamrock Rovers,Dublin,GB,57.7386289,-4.3255225
498,St Patrick's Athletic F.C.,/wiki/St_Patrick%27s_Athletic_F.C.,Great Britain,711,St. Patrick's Athletic,Dublin,GB,57.7386289,-4.3255225
500,Derry City F.C.,/wiki/Derry_City_F.C.,Great Britain,709,Derry City,Derry,GB,54.9978678,-7.3213056
501,Bohemian F.C.,/wiki/Bohemian_F.C.,Great Britain,713,Bohemian FC,Dublin,GB,57.7386289,-4.3255225
505,Waterford F.C.,/wiki/Waterford_F.C.,Great Britain,716,Waterford FC,Waterford,GB,51.8177638,-0.0977397
506,Longford Town F.C.,/wiki/Longford_Town_F.C.,Great Britain,712,Longford Town,Longford ,GB,52.9356992,-1.6764276
507,CFR Cluj,/wiki/CFR_Cluj,Romania,730,CFR Cluj,Cluj-Napoca,RO,46.769379,23.5899542
508,FCSB,/wiki/FCSB,Romania,379,FCSB,Bucharest,RO,44.4361414,26.1027202
509,CS Universitatea Craiova,/wiki/CS_Universitatea_Craiova,Romania,2883,CS Universitatea Craiova,Craiova,RO,44.3190159,23.7965614
510,FC Argeș Pitești,/wiki/FC_Arge%C8%99_Pite%C8%99ti,Romania,3188,FC Argeș Pitesti,Pitești,RO,44.8572343,24.8719422
512,FC Voluntari,/wiki/FC_Voluntari,Romania,3633,FC Voluntari,Voluntari,RO,44.4902779,26.1772794
513,FC Botoșani,/wiki/FC_Boto%C8%99ani,Romania,1916,FC Botoşani,Botoşani,RO,47.7450706,26.6599858
514,FC UTA Arad,/wiki/FC_UTA_Arad,Romania,831,UTA Arad,Arad,RO,46.1753793,21.3196342
516,Sepsi OSK Sfântu Gheorghe,/wiki/Sepsi_OSK_Sf%C3%A2ntu_Gheorghe,Romania,4550,Sepsi Sfântu Gheorghe,Sfântu Gheorghe,RO,45.8659935,25.7865367
518,CS Mioveni,/wiki/CS_Mioveni,Romania,818,CS Mioveni,Mioveni,RO,44.9566154,24.9377507
520,FC Academica Clinceni,/wiki/FC_Academica_Clinceni,Romania,2236,Academica Clinceni,Pitești,RO,44.8572343,24.8719422
522,FC Zenit Saint Petersburg,/wiki/FC_Zenit_Saint_Petersburg,Russia,265,Zenit Saint Petersburg,Saint Petersburg,RU,59.938732,30.316229
523,FC Spartak Moscow,/wiki/FC_Spartak_Moscow,Russia,4655,Sparta,Sparta,RU,44.4130889,41.7970199
525,FC Rubin Kazan,/wiki/FC_Rubin_Kazan,Russia,260,Rubin Kazan,Kazan,RU,55.7823547,49.1242266
526,PFC Sochi,/wiki/PFC_Sochi,Russia,4605,FC Sochi,Sochi,RU,43.5854823,39.723109
527,PFC CSKA Moscow,/wiki/PFC_CSKA_Moscow,Russia,360,CSKA Sofia,Sofia,RU,59.705257,30.389033
529,FC Khimki,/wiki/FC_Khimki,Russia,725,Khimki,Khimki,RU,55.8917293,37.4396994
530,FC Rostov,/wiki/FC_Rostov,Russia,259,FC Rostov,Rostov-on-Don,RU,47.2213858,39.7114196
531,FC Krasnodar,/wiki/FC_Krasnodar,Russia,1673,FC Krasnodar,Krasnodar,RU,45.0352718,38.9764814
532,FC Akhmat Grozny,/wiki/FC_Akhmat_Grozny,Russia,1248,Akhmat Grozny,Grozny,RU,43.3197031,45.6934308
533,FC Ural Yekaterinburg,/wiki/FC_Ural_Yekaterinburg,Russia,1285,Ural Yekaterinburg,Yekaterinburg,RU,56.839104,60.60825
534,FC Ufa,/wiki/FC_Ufa,Russia,2287,FC Ufa,Ufa,RU,54.7261409,55.947499
535,FC Arsenal Tula,/wiki/FC_Arsenal_Tula,Russia,2607,Arsenal Tula,Tula,RU,54.1930321,37.61754
536,FC Rotor Volgograd,/wiki/FC_Rotor_Volgograd,Russia,2068,Rotor Volgograd,Volgograd,RU,48.7081906,44.5153353
537,FC Tambov,/wiki/FC_Tambov,Russia,3320,FC Tambov,Tambov,RU,52.72879,41.45536
538,Rangers F.C.,/wiki/Rangers_F.C.,Great Britain,429,Rangers,Glasgow,GB,55.8609825,-4.2488787
539,Celtic F.C.,/wiki/Celtic_F.C.,Great Britain,421,Celtic,Glasgow,GB,55.8609825,-4.2488787
540,Hibernian F.C.,/wiki/Hibernian_F.C.,Great Britain,425,Hibernian,Edinburgh,GB,55.9533456,-3.1883749
541,Aberdeen F.C.,/wiki/Aberdeen_F.C.,Great Britain,420,Aberdeen,Aberdeen,GB,57.1482429,-2.0928095
542,St Johnstone F.C.,/wiki/St_Johnstone_F.C.,Great Britain,639,St. Johnstone,Perth,GB,56.3957679,-3.4335463
543,Livingston F.C.,/wiki/Livingston_F.C.,Great Britain,427,Livingston,Livingston,GB,55.8831932,-3.5149461
544,St Mirren F.C.,/wiki/St_Mirren_F.C.,Great Britain,638,St. Mirren,Paisley,GB,55.8455828,-4.4239646
545,Motherwell F.C.,/wiki/Motherwell_F.C.,Great Britain,428,Motherwell,Motherwell,GB,55.7901843,-3.9920902
546,Dundee United F.C.,/wiki/Dundee_United_F.C.,Great Britain,422,Dundee United,Dundee,GB,56.4605938,-2.97019
547,Ross County F.C.,/wiki/Ross_County_F.C.,Great Britain,641,Ross County,Dingwall,GB,57.5954797,-4.4284337
548,Kilmarnock F.C.,/wiki/Kilmarnock_F.C.,Great Britain,426,Kilmarnock,Kilmarnock,GB,55.6100589,-4.4964652
549,Hamilton Academical F.C.,/wiki/Hamilton_Academical_F.C.,Great Britain,640,Hamilton Academical,Hamilton,GB,55.7759095,-4.033442
550,Red Star Belgrade,/wiki/Red_Star_Belgrade,Serbia,1883,Red Star,Paris,RS,44.829870099999994,20.408323556953704
551,FK Partizan,/wiki/FK_Partizan,Serbia,381,FK Partizan,Belgrade,RS,44.8178131,20.4568974
553,FK Vojvodina,/wiki/FK_Vojvodina,Serbia,947,FK Vojvodina,Novi Sad,RS,45.2551338,19.8451756
555,FK Radnik Surdulica,/wiki/FK_Radnik_Surdulica,Serbia,2628,FK Radnik Surdulica,Surdulica,RS,42.6919329,22.1701473
556,FK Mladost Lučani,/wiki/FK_Mladost_Lu%C4%8Dani,Serbia,1197,Mladost Lučani,Lučani,RS,43.8602275,20.1365353
557,FK Proleter Novi Sad,/wiki/FK_Proleter_Novi_Sad,Serbia,1770,FK Proleter,Novi Sad,RS,45.2551338,19.8451756
559,FK Spartak Subotica,/wiki/FK_Spartak_Subotica,Serbia,1611,Spartak Subotica,Subotica,RS,46.1002058,19.6653273
560,FK Napredak Kruševac,/wiki/FK_Napredak_Kru%C5%A1evac,Serbia,1294,FK Napredak Kruševac,Kruševac,RS,43.58264,21.3264811
561,FK Novi Pazar,/wiki/FK_Novi_Pazar,Serbia,1703,FK Novi Pazar,Novi Pazar,RS,43.1363535,20.5112273
562,FK Radnički Niš,/wiki/FK_Radni%C4%8Dki_Ni%C5%A1,Serbia,1936,Radnički Niš,Niš,RS,43.3211301,21.8959232
563,FK Voždovac,/wiki/FK_Vo%C5%BEdovac,Serbia,951,FK Voždovac,Belgrade,RS,44.8178131,20.4568974
564,FK Rad,/wiki/FK_Rad,Serbia,1297,FK Rad,Belgrade,RS,44.8178131,20.4568974
565,FK Javor Ivanjica,/wiki/FK_Javor_Ivanjica,Serbia,1295,FK Javor Ivanjica,Ivanjica,RS,43.5816675,20.2304548
567,FK Zlatibor Čajetina,/wiki/FK_Zlatibor_%C4%8Cajetina,Serbia,5216,FK Zlatibor Čajetina,Čajetina,RS,43.7504753,19.7165358
568,FK Mačva Šabac,/wiki/FK_Ma%C4%8Dva_%C5%A0abac,Serbia,3404,FK Mačva Šabac,Šabac,RS,44.7571535,19.6953972
570,NŠ Mura,/wiki/N%C5%A0_Mura,Slovenia,5033,NS Mura,Murska Sobota,SI,46.6624644,16.1655256
571,NK Maribor,/wiki/NK_Maribor,Slovenia,1166,NK Maribor,Maribor,SI,46.5576439,15.6455854
572,NK Olimpija Ljubljana,/wiki/NK_Olimpija_Ljubljana,Slovenia,1429,NK Olimpija,Ljubljana,SI,46.0500268,14.5069289
573,NK Domžale,/wiki/NK_Dom%C5%BEale,Slovenia,1163,NK Domžale,Domžale,SI,46.1394296,14.5944553
574,NK Bravo,/wiki/NK_Bravo,Slovenia,5199,NK Bravo,Ljubljana,SI,46.0500268,14.5069289
575,NK Tabor Sežana,/wiki/NK_Tabor_Se%C5%BEana,Slovenia,5197,NK Tabor Sežana,Sežana,SI,45.7091799,13.8730989
576,NK Aluminij,/wiki/NK_Aluminij,Slovenia,1928,NK Aluminij,Kidričevo,SI,46.4043948,15.7965329
577,NK Celje,/wiki/NK_Celje,Slovenia,1162,NK Celje,Celje,SI,46.2293889,15.2616828
578,FC Koper,/wiki/FC_Koper,Slovenia,727,FC Koper,Koper,SI,45.5479864,13.7304781
579,ND Gorica,/wiki/ND_Gorica,Slovenia,1164,ND Gorica,Nova Gorica,SI,45.9580549,13.6474706
580,Real Madrid CF,/wiki/Real_Madrid_CF,Spain,2147,Real Madrid C,Madrid,ES,40.4167047,-3.7035825
581,FC Barcelona,/wiki/FC_Barcelona,Spain,140,Barcelona,Barcelona,ES,41.3828939,2.1774322
582,Atlético Madrid,/wiki/Atl%C3%A9tico_Madrid,Spain,139,Atlético Madrid,Madrid,ES,40.4167047,-3.7035825
583,Sevilla FC,/wiki/Sevilla_FC,Spain,168,Sevilla,Seville,ES,37.3886303,-5.9953403
584,Villarreal CF,/wiki/Villarreal_CF,Spain,174,Villarreal CF,Villarreal,ES,39.9372616,-0.1004465
585,Real Sociedad,/wiki/Real_Sociedad,Spain,165,Real Sociedad,Donostia-San Sebastián,ES,43.3224219,-1.9838889
586,Granada CF,/wiki/Granada_CF,Spain,142,Granada CF,Granada,ES,37.1734995,-3.5995337
587,Getafe CF,/wiki/Getafe_CF,Spain,149,Getafe CF,Madrid,ES,40.4167047,-3.7035825
588,Valencia CF,/wiki/Valencia_CF,Spain,172,Valencia CF,Valencia,ES,39.4697065,-0.3763353
589,CA Osasuna,/wiki/CA_Osasuna,Spain,157,CA Osasuna,Pamplona,ES,42.8182536,-1.6440304
590,Athletic Bilbao,/wiki/Athletic_Bilbao,Spain,2091,Bilbao Athletic,Bilbao,ES,43.2630018,-2.9350039
591,Levante UD,/wiki/Levante_UD,Spain,151,Levante UD,Valencia,ES,39.4697065,-0.3763353
592,Real Valladolid,/wiki/Real_Valladolid,Spain,173,Real Valladolid,Valladolid,ES,41.6521328,-4.728562
593,SD Eibar,/wiki/SD_Eibar,Spain,146,SD Eibar,Eibar,ES,43.1842839,-2.4732748
594,Real Betis,/wiki/Real_Betis,Spain,162,Real Betis,Sevilla,ES,37.3886303,-5.9953403
595,Deportivo Alavés,/wiki/Deportivo_Alav%C3%A9s,Spain,135,Deportivo Alavés,Vitoria-Gasteiz,ES,42.8465088,-2.6724025
596,RC Celta de Vigo,/wiki/RC_Celta_de_Vigo,Spain,141,Celta Vigo,Vigo,ES,42.2376602,-8.7247205
597,CD Leganés,/wiki/CD_Legan%C3%A9s,Spain,2085,CD Leganés,Leganés,ES,40.3281942,-3.76527
598,RCD Mallorca,/wiki/RCD_Mallorca,Spain,153,RCD Mallorca,Mallorca,ES,39.613432,2.880353635614984
599,RCD Espanyol,/wiki/RCD_Espanyol,Spain,148,RCD Espanyol,Barcelona,ES,41.3828939,2.1774322
600,Malmö FF,/wiki/Malm%C3%B6_FF,Sweden,473,Malmö FF,Malmö,SE,55.6052931,13.0001566
601,AIK Fotboll,/wiki/AIK_Fotboll,Sweden,663,AIK,Solna,SE,59.361367,18.0013693
602,Djurgårdens IF Fotboll,/wiki/Djurg%C3%A5rdens_IF_Fotboll,Sweden,470,Djurgårdens IF,Stockholm,SE,59.3251172,18.0710935
603,IF Elfsborg,/wiki/IF_Elfsborg,Sweden,542,IF Elfsborg,Borås,SE,57.7210839,12.9407407
604,Hammarby Fotboll,/wiki/Hammarby_Fotboll,Sweden,472,Hammarby IF,Stockholm,SE,59.3251172,18.0710935
605,Kalmar FF,/wiki/Kalmar_FF,Sweden,664,Kalmar FF,Kalmar,SE,56.6628826,16.3662382
606,IFK Norrköping,/wiki/IFK_Norrk%C3%B6ping,Sweden,1208,IFK Norrköping,Norrköping,SE,58.5909124,16.1903511
607,IFK Göteborg,/wiki/IFK_G%C3%B6teborg,Sweden,471,IFK Göteborg,Göteborg,SE,57.7072326,11.9670171
608,Mjällby AIF,/wiki/Mj%C3%A4llby_AIF,Sweden,1444,Mjallby AIF,Mjällby,SE,56.0472695,14.6780706
609,Varbergs BoIS,/wiki/Varbergs_BoIS,Sweden,2037,Varbergs BoIS,Varberg,SE,57.1057412,12.2502949
611,BK Häcken,/wiki/BK_H%C3%A4cken,Sweden,673,BK Häcken,Gothenburg,SE,57.7072326,11.9670171
612,Degerfors IF,/wiki/Degerfors_IF,Sweden,1781,Degerfors IF,Degerfors,SE,59.266667,14.433333
613,Halmstads BK,/wiki/Halmstads_BK,Sweden,672,Halmstads BK,Halmstad,SE,56.6739826,12.8574827
614,Örebro SK,/wiki/%C3%96rebro_SK,Sweden,686,Orebro SK,Örebro,SE,59.2747287,15.2151181
615,Östersunds FK,/wiki/%C3%96stersunds_FK,Sweden,2636,Ostersunds FK,Östersund,SE,63.1793655,14.6357061
616,BSC Young Boys,/wiki/BSC_Young_Boys,Switzerland,535,BSC Young Boys,Berne,CH,46.9482713,7.4514512
617,FC Basel,/wiki/FC_Basel,Switzerland,382,FC Basel,Basel,CH,47.5581077,7.5878261
618,Servette FC,/wiki/Servette_FC,Switzerland,883,Servette FC,Geneva,CH,46.2017559,6.1466014
619,FC Lugano,/wiki/FC_Lugano,Switzerland,1730,FC Lugano,Lugano,CH,46.0050102,8.9520281
620,FC Luzern,/wiki/FC_Luzern,Switzerland,751,FC Luzern,Lucerne,CH,47.0505452,8.3054682
621,FC Lausanne-Sport,/wiki/FC_Lausanne-Sport,Switzerland,1731,Lausanne-Sport,Lausanne,CH,46.5218269,6.6327025
622,FC St. Gallen,/wiki/FC_St._Gallen,Switzerland,538,FC St. Gallen,St. Gallen,CH,47.4250593,9.3765878
623,FC Zürich,/wiki/FC_Z%C3%BCrich,Switzerland,383,FC Zürich,Zürich,CH,47.3744489,8.5410422
624,FC Sion,/wiki/FC_Sion,Switzerland,752,FC Sion,Sion,CH,46.2311749,7.3588795
626,Beşiktaş J.K.,/wiki/Be%C5%9Fikta%C5%9F_J.K.,Turkey,349,Beşiktaş JK,İstanbul,TR,41.0091982,28.9662187
628,Fenerbahçe S.K. (football),/wiki/Fenerbah%C3%A7e_S.K._(football),Turkey,350,Fenerbahçe SK,İstanbul,TR,41.0091982,28.9662187
629,Trabzonspor,/wiki/Trabzonspor,Turkey,352,Trabzonspor,Trabzon,TR,41.0062202,39.7257547
630,Sivasspor,/wiki/Sivasspor,Turkey,803,Sivasspor,Sivas,TR,39.7503572,37.0145185
631,Hatayspor,/wiki/Hatayspor,Turkey,2735,Hatayspor,Hatay,TR,36.2024887,36.1602761
632,Alanyaspor,/wiki/Alanyaspor,Turkey,2978,Alanyaspor,Antalya,TR,36.8872942,30.7074549
633,Fatih Karagümrük S.K.,/wiki/Fatih_Karag%C3%BCmr%C3%BCk_S.K.,Turkey,3345,Fatih Karagümrük,Istanbul,TR,41.0091982,28.9662187
634,Gaziantep F.K.,/wiki/Gaziantep_F.K.,Turkey,2012,Gaziantep FK,Gaziantep,TR,37.0628317,37.3792617
635,Göztepe S.K.,/wiki/G%C3%B6ztepe_S.K.,Turkey,1849,Göztepe SK,Izmir,TR,38.4224548,27.1310699
636,Konyaspor,/wiki/Konyaspor,Turkey,801,Konyaspor,Konya,TR,37.872734,32.4924376
637,İstanbul Başakşehir F.K.,/wiki/%C4%B0stanbul_Ba%C5%9Fak%C5%9Fehir_F.K.,Turkey,1226,Istanbul Başakşehir,İstanbul,TR,41.0091982,28.9662187
638,Çaykur Rizespor,/wiki/%C3%87aykur_Rizespor,Turkey,798,Caykur Rizespor,Rize,TR,41.0248249,40.5199142
639,Kasımpaşa S.K.,/wiki/Kas%C4%B1mpa%C5%9Fa_S.K.,Turkey,1449,Kasimpaşa SK,İstanbul,TR,41.0091982,28.9662187
640,Yeni Malatyaspor,/wiki/Yeni_Malatyaspor,Turkey,2529,Yeni Malatyaspor,Malatya,TR,38.3488506,38.3189466
641,Antalyaspor,/wiki/Antalyaspor,Turkey,795,Antalyaspor,Antalya,TR,36.8872942,30.7074549
642,Kayserispor,/wiki/Kayserispor,Turkey,490,Kayserispor,Kayseri,TR,38.7219011,35.4873214
643,Büyükşehir Belediye Erzurumspor,/wiki/B%C3%BCy%C3%BCk%C5%9Fehir_Belediye_Erzurumspor,Turkey,3989,Sivas Belediye Spor,Sivas,TR,39.7503572,37.0145185
644,MKE Ankaragücü,/wiki/MKE_Ankarag%C3%BCc%C3%BC,Turkey,511,MKE Ankaragücü,Ankara,TR,39.9207886,32.8540482
645,Gençlerbirliği S.K.,/wiki/Gen%C3%A7lerbirli%C4%9Fi_S.K.,Turkey,510,Gençlerbirliği,Ankara,TR,39.9207886,32.8540482
646,Denizlispor,/wiki/Denizlispor,Turkey,799,Denizlispor,Denizli,TR,37.7833152,29.0844832
647,FC Dynamo Kyiv,/wiki/FC_Dynamo_Kyiv,Ukraine,347,Dynamo Kyiv,Kiev,UA,50.4500336,30.5241361
648,FC Shakhtar Donetsk,/wiki/FC_Shakhtar_Donetsk,Ukraine,348,Shakhtar Donetsk,Donetsk,UA,48.0158753,37.8013407
649,FC Zorya Luhansk,/wiki/FC_Zorya_Luhansk,Ukraine,1099,Zorya Luhansk,Luhansk,UA,48.5717084,39.2973153
650,FC Kolos Kovalivka,/wiki/FC_Kolos_Kovalivka,Ukraine,4139,Kolos Kovalivka,Hlevakha,UA,50.259673,30.3059171
651,FC Vorskla Poltava,/wiki/FC_Vorskla_Poltava,Ukraine,1100,Vorskla Poltava,Poltava,UA,49.5897423,34.5507948
652,FC Desna Chernihiv,/wiki/FC_Desna_Chernihiv,Ukraine,2917,Desna Chernihiv,Chernihiv,UA,51.494099,31.294332
653,FC Lviv,/wiki/FC_Lviv,Ukraine,5206,PFC Lviv,Lviv,UA,49.841952,24.0315921
654,FC Oleksandriya,/wiki/FC_Oleksandriya,Ukraine,1748,FK Oleksandria,Oleksandria,UA,48.670609,33.1169742
655,FC Rukh Lviv,/wiki/FC_Rukh_Lviv,Ukraine,4136,Rukh Lviv,Lviv,UA,49.841952,24.0315921
656,FC Mariupol,/wiki/FC_Mariupol,Ukraine,505,FK Mariupol,Mariupol,UA,47.0957648,37.5499621
657,FC Inhulets Petrove,/wiki/FC_Inhulets_Petrove,Ukraine,4525,Inhulets Petrove,Petrove,UA,48.33607,33.26626
658,FC Olimpik Donetsk,/wiki/FC_Olimpik_Donetsk,Ukraine,2916,Olimpik Donetsk,Donetsk,UA,48.0158753,37.8013407
660,The New Saints F.C.,/wiki/The_New_Saints_F.C.,Great Britain,1054,The New Saints,Oswestry,GB,52.8603096,-3.0548201
661,Bala Town F.C.,/wiki/Bala_Town_F.C.,Great Britain,1668,Bala Town,Bala,GB,52.9112205,-3.59947
662,Newtown A.F.C.,/wiki/Newtown_A.F.C.,Great Britain,1050,Newtown AFC,Newtown,GB,52.5135785,-3.314371
663,Caernarfon Town F.C.,/wiki/Caernarfon_Town_F.C.,Great Britain,1042,Caernarfon Town,Caernarfon,GB,53.1394364,-4.2769751
664,Flint Town United F.C.,/wiki/Flint_Town_United_F.C.,Great Britain,4070,Flint Town United,Flint,GB,53.2492828,-3.1345262
665,Penybont F.C.,/wiki/Penybont_F.C.,Great Britain,5377,Penybont FC,Bridgend,GB,51.5049859,-3.5756674
666,Cardiff Metropolitan University F.C.,/wiki/Cardiff_Metropolitan_University_F.C.,Great Britain,4476,Cardiff Metropolitan University,Cyncoed,GB,51.5177851,-3.1641986
667,Aberystwyth Town F.C.,/wiki/Aberystwyth_Town_F.C.,Great Britain,1039,Aberystwyth Town,Aberystwyth,GB,52.4143113,-4.0816846
668,Connah's Quay Nomads F.C.,/wiki/Connah%27s_Quay_Nomads_F.C.,Great Britain,1045,Connah's Quay,Connah's Quay,GB,53.2199037,-3.0661782
669,Haverfordwest County A.F.C.,/wiki/Haverfordwest_County_A.F.C.,Great Britain,1047,Haverfordwest County,Haverfordwest,GB,51.8023297,-4.9651074
670,Barry Town United F.C.,/wiki/Barry_Town_United_F.C.,Great Britain,4849,Barry Town United,Barry,GB,51.4043548,-3.2690216
671,Cefn Druids A.F.C.,/wiki/Cefn_Druids_A.F.C.,Great Britain,1049,Cefn Druids,Cefn Mawr,GB,52.9731416,-3.072149
